step,dt,imu_dx,imu_dy,imu_dz,imu_droll,imu_dpitch,imu_dyaw,gnss_x,gnss_y,gnss_z,gt_x,gt_y,gt_z,gt_roll,gt_pitch,gt_yaw
0,0.1,0.8,0.3,0.0,0.0,0.0,0.0,-0.7723369143458724,-0.5075172481711079,-0.5472636801226397,0.0,0.0,0.0,0.0,0.0,0.0
1,0.1,0.8033443257329876,0.2999848996244487,0.0006688913330960155,0.0,0.0,0.001070202190891621,0.2672175320493735,-0.14400802064477872,0.08860502519160447,0.08033443257329877,0.02999848996244487,6.688913330960156e-05,0.0,0.0,0.00010702021908916211
2,0.1,0.806687716284098,0.29993960001793707,0.0013377527386145263,0.0,0.0,0.002140212851714467,0.751133003764745,0.6605480345972765,0.33282921377118063,0.16100320420170855,0.05999244996423858,0.00020066440717105417,0.0,0.0,0.00032104150426060885
3,0.1,0.8100292367329611,0.29986410574073896,0.0020065542903170493,0.0,0.0,0.0032098404866771806,-0.0735318907826871,-0.43847373673831336,-0.569968555301161,0.24200612787500467,0.08997886053831247,0.0004013198362027591,0.0,0.0,0.0006420255529283269
4,0.1,0.8133679526821482,0.2997584243928006,0.002675266064643084,0.0,0.0,0.004278893668537104,0.08264452268723702,0.08398863732673897,-0.6799227277193828,0.3233429231432195,0.11995470297759253,0.0006688464426670675,0.0,0.0,0.0010699149197820374
5,0.1,0.8167029305184597,0.2996225666129756,0.003343858142048955,0.0,0.0,0.005347181072859296,-0.3891280568748504,0.3639106132218821,-1.2951762887842608,0.4050132161950655,0.1499169596388901,0.001003232256871963,0.0,0.0,0.001604633027067967
6,0.1,0.8200332376739929,0.2994565460779539,0.004012300608346476,0.0,0.0,0.006414511512257146,0.363079084241242,0.4779405813407264,-0.6883444621633212,0.48701653996246475,0.17986261424668548,0.0014044623177066108,0.0,0.0,0.0022460841782936817
7,0.1,0.8233579428869197,0.29926037950088513,0.004680563556041365,0.0,0.0,0.0074806939706084635,-0.20971555719413904,-0.32264957050901444,0.45548973085882927,0.5693523342511567,0.209788652196774,0.0018725186733107473,0.0,0.0,0.002994153575354528
8,0.1,0.8266761164618959,0.2990340866296957,0.00534861708567138,0.0,0.0,0.008545537637240917,0.5611379964092906,-1.0690260021294544,-0.2939369964862296,0.6520199458973464,0.2396920608597436,0.0024073803818778854,0.0,0.0,0.00384870733907862
9,0.1,0.8299868305300356,0.29877769024510137,0.006016431307144069,0.0,0.0,0.009608851941080705,1.4447463888089485,0.9581705710305304,0.444038389023503,0.73501862895035,0.2695698298842537,0.0030090235125922924,0.0,0.0,0.004809592533186691
10,0.1,0.8332891593083728,0.29849121615831337,0.006683976341074121,0.0,0.0,0.010670446584758339,0.6517063812986446,-0.9920389616668824,0.12238183150814973,0.8183475448811872,0.299418951500085,0.0036774211466997046,0.0,0.0,0.005876637191662525
11,0.1,0.8365821793587397,0.2981746932084403,0.0073512223201202325,0.0,0.0,0.011730131578665462,0.7788213278425969,0.3829963259625907,1.0840254210756537,0.9020057628170612,0.3292364208209291,0.004412543378711728,0.0,0.0,0.007049650349529072
12,0.1,0.8398649698459912,0.297828153259585,0.008018139390321434,0.0,0.0,0.012787717274956562,1.1145707368561577,0.5524529039950106,0.42878259831654886,0.9859922598016604,0.3590192361468876,0.005214357317743872,0.0,0.0,0.008328422077024729
13,0.1,0.8431366127954995,0.29745163119763657,0.00868469771243281,0.0,0.0,0.01384301440148954,0.8907076862697019,-0.0762850362050016,-0.5100783053599303,1.0703059210812103,0.38876439926665124,0.0060828270889871534,0.0,0.0,0.009712723517173684
14,0.1,0.8463961933498494,0.2970451649267586,0.00935086746326058,0.0,0.0,0.01489583409569904,1.6918220798126717,0.7716558015961437,-0.3356646164482673,1.1549455404161952,0.4184689157593271,0.007017913835313212,0.0,0.0,0.011202306926743587
15,0.1,0.8496428000246627,0.29660879536557333,0.010016618836996442,0.0,0.0,0.01594598793839647,2.0467965432600375,0.5771618318165223,-0.9301332943758318,1.2399098204186616,0.4481297952958844,0.008019575719012855,0.0,0.0,0.012796905720583234
16,0.1,0.8528755249634785,0.29614256644304254,0.010681922046551148,0.0,0.0,0.016993287987490672,1.7493126487292159,0.3801040770589649,-0.92107350929989,1.3251973729150095,0.47774405194018865,0.00908776792366797,0.0,0.0,0.014496234519332301
17,0.1,0.8560934641916187,0.29564652509404493,0.011346747324887238,0.0,0.0,0.01803754681162322,1.7716461114169184,0.26593714206332925,-0.26441737926027714,1.4108067193341713,0.5073087044495932,0.010222442656156693,0.0,0.0,0.016299989200494622
18,0.1,0.8592957178689697,0.29512072125465166,0.012011064926350882,0.0,0.0,0.019078577523712302,1.9096634327157154,-0.9979269309662708,-0.882686607148557,1.4967362911210684,0.5368207765750583,0.01142354914879178,0.0,0.0,0.018207846952865852
19,0.1,0.8624813905416064,0.29456520785709894,0.01267484512800276,0.0,0.0,0.02011619381439919,1.2858203089821405,0.7406918001606952,-0.4528840648592886,1.5829844301752292,0.5662772973607683,0.012691033661592056,0.0,0.0,0.020219466334305772
20,0.1,0.8656495913921896,0.29398004082445967,0.013338058230947926,0.0,0.0,0.021150209985391365,0.9718473213679729,-0.14102085912593776,-0.06808036822846622,1.6695493893144482,0.5956753014432142,0.014024839484686849,0.0,0.0,0.022334487332844908
21,0.1,0.8687994344890679,0.2933652790650135,0.014000674561664601,0.0,0.0,0.022180440982696187,2.2289432840818706,-0.38998964971878136,-1.440840399533601,1.756429332763355,0.6250118293497156,0.015424906940853309,0.0,0.0,0.02455253143111453
22,0.1,0.8719300390340136,0.29272098446631667,0.014662664473331827,0.0,0.0,0.023206702429739354,1.6354590126885034,0.38687123576072224,-0.6193951468608727,1.8436223366667563,0.6542839277963473,0.016891173388186492,0.0,0.0,0.026873201674088465
23,0.1,0.8750405296085209,0.292047221888972,0.015323998347155927,0.0,0.0,0.02422881066036208,2.359346325673077,1.246730760701634,-0.3764937244959857,1.9311263896276085,0.6834886499852445,0.018423573222902084,0.0,0.0,0.029296082740124674
24,0.1,0.8781300364186023,0.29134405916009903,0.015984646593695702,0.0,0.0,0.025246582751691112,1.7778234078252295,1.1116434958820083,-0.2804267964950769,2.0189393932694686,0.7126230559012544,0.020022037882271655,0.0,0.0,0.03182074101529379
25,0.1,0.8811976955380114,0.29061156706650637,0.01664457965418634,0.0,0.0,0.026259836556875787,1.1248580947936808,0.694386441240156,-0.6112762584960493,2.1070591628232695,0.7416842126079051,0.02168649584769029,0.0,0.0,0.034446724670981366
26,0.1,0.8842426491498239,0.2898498193475653,0.017303768001861924,0.0,0.0,0.027268390737686145,2.4231794635661283,0.4170474600218185,-0.10898969347211776,2.195483427738252,0.7706691945426616,0.023416872647876483,0.0,0.0,0.03717356374474998
27,0.1,0.8872640457863112,0.2890588926877868,0.017962182143276526,0.0,0.0,0.028272064796966367,2.6477991664878373,0.7122017161710328,-0.41859826189008054,2.2842098323168827,0.7995750838114403,0.025213090862204135,0.0,0.0,0.04000077022444661
28,0.1,0.8902610405670393,0.2882388667091015,0.018619792619623803,0.0,0.0,0.029270679110937656,1.668716107123304,2.033147959930501,0.8017010946706615,2.3732359363735864,0.8283989704823504,0.027075070124166517,0.0,0.0,0.04292783813554038
29,0.1,0.8932327954351232,0.2873898239628442,0.01927657000805504,0.0,0.0,0.030264054961344843,1.4100022808265131,0.12043314993123355,0.43781115697820494,2.4625592159170986,0.8571379528786349,0.02900272712497202,0.0,0.0,0.045954243631674864
30,0.1,0.8961784793915764,0.28651184992144385,0.01993248492299559,0.0,0.0,0.03125201456744091,2.140321670076631,0.8964035266862093,0.600804089225713,2.552177063856256,0.8857891378707793,0.03099597561727158,0.0,0.0,0.04907944508841895
31,0.1,0.8990972687276835,0.28560503296981876,0.020587508017459663,0.0,0.0,0.03223438111780377,2.7322391620272586,0.8238981772511755,-0.29846471427905785,2.6420867907290244,0.9143496411677612,0.03305472641901755,0.0,0.0,0.05230288320019933
32,0.1,0.9019883472553373,0.28466946439647917,0.021241609984363342,0.0,0.0,0.03321097880197951,2.6717898018165798,1.2134955687401305,1.249515507953118,2.732285625454558,0.942816587607409,0.03517888741745388,0.0,0.0,0.05562398108039728
33,0.1,0.9048509065352706,0.28370523838433703,0.021894761557835866,0.0,0.0,0.034181632841946565,3.5682728949390987,0.8315741914814234,0.678963643621298,2.822770716108085,0.9711871114458428,0.03736836357323747,0.0,0.0,0.05904214436459194
34,0.1,0.9076841461031225,0.2827124520012251,0.022546933514529025,0.0,0.0,0.03514616952339502,2.9955388051105634,-0.03750980153260686,-0.035032997473447285,2.913539130718397,0.9994583566459653,0.03962305692469038,0.0,0.0,0.06255676131693144
35,0.1,0.9104872736932739,0.28169120519012486,0.023198096674924697,0.0,0.0,0.03610441622681569,3.7008688642793817,0.6101735394937933,0.6971361644008945,3.0045878580877243,1.0276274771649778,0.04194286659218285,0.0,0.0,0.066167202939613
36,0.1,0.9132595054603903,0.28064160075910544,0.02384822190464038,0.0,0.0,0.037056201458393154,2.881235758467808,1.0742346055961562,-0.789477010710751,3.0959138086337634,1.0556916372408884,0.04432768878264688,0.0,0.0,0.06987282308545233
37,0.1,0.9160000661986114,0.2795637443709742,0.02449728011573272,0.0,0.0,0.038001354880697294,4.636638819089124,1.401054061499681,0.752678277652699,3.1875138152536246,1.0836480116779859,0.04677741679422015,0.0,0.0,0.07367295857352206
38,0.1,0.9187081895583228,0.2784577445326395,0.025145242267998993,0.0,0.0,0.03893970734316807,2.9624881242009486,0.08711054815705044,0.8974179409012769,3.279384634209457,1.1114937861312497,0.04929194102102005,0.0,0.0,0.07756692930783887
39,0.1,0.9213831182604526,0.2773237125841873,0.025792079370276406,0.0,0.0,0.03987109091238764,2.8732177043048104,2.2956628887118598,-0.06790037189711026,3.371522946035502,1.1392261573896685,0.051871148958047696,0.0,0.0,0.08155403839907764
40,0.1,0.924024104308231,0.27616176268767323,0.026437762481739208,0.0,0.0,0.040795338902134874,4.6010968642572445,0.6565235806772245,-1.180277257575441,3.463925356466325,1.1668423336584357,0.054514925206221615,0.0,0.0,0.08563357228929112
41,0.1,0.9266304091963549,0.2749720118156291,0.02708226271319359,0.0,0.0,0.041712285903216476,4.045251743975466,1.1467053776863145,0.0553186862842788,3.5565883973859607,1.1943395348399986,0.05722315147754097,0.0,0.0,0.08980480087961278
42,0.1,0.9292013041174972,0.2737545797392883,0.027725551228370234,0.0,0.0,0.042621767813069714,4.383603969643037,0.6042079689445394,-0.8462455131153616,3.6495085277977104,1.2217149928139275,0.05999570660037799,0.0,0.0,0.09406697766091975
43,0.1,0.9317360701661058,0.2725095890165278,0.028367599245214495,0.0,0.0,0.0435236218651312,2.9247764547146406,0.07144931256234366,-1.2032030118587067,3.742682134814321,1.2489659517155802,0.06283246652489945,0.0,0.0,0.09841933984743287
44,0.1,0.9342339985394319,0.27123716497953076,0.029008378037174196,0.0,0.0,0.0444176866579666,2.936438276694733,0.5942871118464423,-0.25552128852635597,3.836105534668264,1.2760896682135332,0.06573330432861686,0.0,0.0,0.10286110851322953
45,0.1,0.9366943907357351,0.2699374357221693,0.029647858934484884,0.0,0.0,0.04530380218415611,3.079722429472284,1.198317210712525,0.58057092093284,3.929774973741838,1.3030834117857502,0.06869809022206536,0.0,0.0,0.10739148873164514
46,0.1,0.9391165587496068,0.2686105320871095,0.0302860133254526,0.0,0.0,0.04618180985893029,3.847469130939701,1.5956903536901792,-0.5984119418322253,4.023686629616798,1.3299444649944612,0.07172669155461062,0.0,0.0,0.11200966971753817
47,0.1,0.9414998252643585,0.2672565876526394,0.030922812657734,0.0,0.0,0.047051552548551465,4.283838208234422,1.639565670060395,-0.42792340964098136,4.117836612143234,1.3566701237597252,0.07481897282038402,0.0,0.0,0.11671482497239333
48,0.1,0.9438435238414221,0.2658757387192218,0.03155822843961389,0.0,0.0,0.04791287459843531,3.0815518688092256,1.1850702463261893,-0.004417384131200186,4.2122209645273765,1.3832576976316473,0.07797479566434541,0.0,0.0,0.12150611243223686
49,0.1,0.9461469991067074,0.2644681242957734,0.032192232241279935,0.0,0.0,0.0487656218610078,5.218219739373579,1.0299048760268257,1.1214560954005783,4.306835664438047,1.4097045100612247,0.0811940188884734,0.0,0.0,0.12638267461833763
50,0.1,0.9484096069338658,0.26303388608567013,0.032824795696094734,0.0,0.0,0.04960964172329239,2.6231492262672735,1.1091621055801508,-0.3752940555203313,4.401676625131434,1.4360078986697917,0.08447649845808287,0.0,0.0,0.13134363879066688
51,0.1,0.9506307146244092,0.26157316847248285,0.03345589050186496,0.0,0.0,0.05044478313422261,4.10847595427857,0.9672246901129236,-0.07488065077350475,4.496739696593875,1.46216521551704,0.08782208750826936,0.0,0.0,0.13638811710408913
52,0.1,0.9528097010846327,0.2600861185054417,0.03408548842210768,0.0,0.0,0.05127089663167511,5.5995661206878085,1.2501865933508085,0.7828481815006214,4.592020666702338,1.4881738273675842,0.09123063635048013,0.0,0.0,0.14151520676725665
53,0.1,0.9549459569992931,0.2585728858846332,0.03471356128731371,0.0,0.0,0.052087834369218315,4.486954971173719,1.4542286125916621,-1.6857664532764685,4.687515262402267,1.5140311159560476,0.0947019924792115,0.0,0.0,0.14672399020417848
54,0.1,0.9570388850019922,0.25703362294592974,0.03534008099620796,0.0,0.0,0.052895450142571965,4.707416438175032,1.8225498171981753,-0.8258859671547478,4.783219150902466,1.5397344782506406,0.0982360005788323,0.0,0.0,0.15201353521843566
55,0.1,0.959087899842221,0.2554684846456543,0.03596501951700676,0.0,0.0,0.05369359941577273,4.318905074263538,0.8360158652684192,1.4284358619112152,4.879127940886688,1.565281326715206,0.10183250253053298,0.0,0.0,0.15738289516001294
56,0.1,0.9610924285490138,0.253877628544981,0.036588348888672066,0.0,0.0,0.054482139347041283,4.156801274959827,0.9511935572230646,-1.9121523658795279,4.97523718374159,1.590669089569704,0.10549133741940019,0.0,0.0,0.16283110909471707
57,0.1,0.9630519105911697,0.2522612147940738,0.037210041222162475,0.0,0.0,0.055260928814346154,3.8376105972423886,1.6147925834807362,-0.9191888787599778,5.071542374800707,1.6158952110491114,0.10921234154161644,0.0,0.0,0.16835720197615167
58,0.1,0.9649657980339956,0.2506194061159638,0.037830068701681055,0.0,0.0,0.05602982844065979,3.1140047738705414,1.2924028148909075,0.03491173767329954,5.168038954604106,1.6409571516607078,0.11299534841178455,0.0,0.0,0.17396018482021766
59,0.1,0.9668335556925263,0.2489523677901685,0.03844840358591985,0.0,0.0,0.05678870061890237,5.299598550002598,1.7702853809678216,-0.4535219500828476,5.264722310173359,1.6658523884397247,0.11684018877037654,0.0,0.0,0.1796390548821079
60,0.1,0.968654661281179,0.24726026763605308,0.03906501820930114,0.0,0.0,0.05753740953656882,7.145727459540542,1.155626285597477,0.2751267886945416,5.3615877763014765,1.69057841520333,0.12074669059130665,0.0,0.0,0.1853927958357648
61,0.1,0.9704286055598026,0.24554327599593623,0.0396798849832152,0.0,0.0,0.05827582120003464,4.430378167320509,1.1349351257822646,-1.080913407138316,5.458630636857457,1.7151327428029237,0.12471467908962816,0.0,0.0,0.19122037795576827
62,0.1,0.9721548924760763,0.2438015657179418,0.040292976397254716,0.0,0.0,0.05900380345853628,5.55356004092458,1.3130243019159744,-0.7141760641078664,5.555846126105065,1.739512899374718,0.12874397672935364,0.0,0.0,0.1971207583016219
63,0.1,0.973833039304223,0.24203531213859847,0.04090426502044561,0.0,0.0,0.059721226027821636,4.119091657191868,1.994975623881397,0.5494342042764996,5.653229430035487,1.7637164305885777,0.1328344032313982,0.0,0.0,0.20309288090440406
64,0.1,0.9754625767799944,0.2402446930651887,0.0415137235024744,0.0,0.0,0.06042796051346655,6.180592200593461,1.5812909868277591,0.4717570233485123,5.750775687713486,1.7877408998950965,0.13698577558164562,0.0,0.0,0.20913567695575072
65,0.1,0.9770430492318927,0.23842988875784898,0.042121324574911884,0.0,0.0,0.06112388043385306,6.3362496827233015,2.0245001641139844,0.9949683716277946,5.848479992636675,1.8115838887708815,0.14119790803913682,0.0,0.0,0.21524806499913604
66,0.1,0.9785740147085914,0.23659108191142333,0.042727041052433204,0.0,0.0,0.06180886124280537,5.7005529069157586,1.8465736633354293,-1.0328051735988333,5.946337394107535,1.8352429969620239,0.14547061214438015,0.0,0.0,0.22142895112341657
67,0.1,0.9800550451025187,0.2347284576370713,0.04333084583403416,0.0,0.0,0.06248278035187939,7.3657904370863765,1.2194281564078449,0.25764306491309463,6.044342898617787,1.858715842725731,0.14980369672778357,0.0,0.0,0.2276772291586045
68,0.1,0.9814857262695709,0.23284220344363332,0.043932711904243776,0.0,0.0,0.06314551715230192,6.465179196910128,1.2098139011577125,0.0174105259000657,6.142491471244744,1.8820000630700944,0.15419696791820794,0.0,0.0,0.23399178087383468
69,0.1,0.9828656581449198,0.23093250921875405,0.044532612334333005,0.0,0.0,0.06379695303655555,6.612724979708168,1.7386701741806505,-0.1504324842543701,6.240778037059236,1.9050933139919697,0.15865022915164123,0.0,0.0,0.24037147617749025
70,0.1,0.984194454854884,0.22899956720976677,0.04513052028351962,0.0,0.0,0.06443697141960548,6.022537364030247,1.341779358822568,-0.04737081438414456,6.339197482544725,1.9279932707129463,0.16316328117999318,0.0,0.0,0.2468151733194508
71,0.1,0.9854717448248325,0.22704357200433978,0.04572640900016907,0.0,0.0,0.06506545775976419,6.599967297659337,2.176375640562116,0.8372359908890704,6.437744657027208,1.9506976279133803,0.1677359220800101,0.0,0.0,0.2533217190954272
72,0.1,0.9866971708830875,0.22506472051088766,0.04632025182299144,0.0,0.0,0.06568229957919057,6.487214899858149,1.5354313470467809,0.6740135067700528,6.536414374115517,1.973204099964469,0.17236794726230922,0.0,0.0,0.2598899490533463
73,0.1,0.9878703903608027,0.22306321193874845,0.04691202218223432,0.0,0.0,0.06628738648401972,6.798049553654787,2.611550387570244,0.2313338691703669,6.635201413151597,1.9955104211583439,0.17705914948053267,0.0,0.0,0.26651868770174825
74,0.1,0.9889910751877835,0.22103924777812953,0.047501693600871614,0.0,0.0,0.06688061018411964,7.029725032126256,2.2169309509909354,0.6165373144396508,6.734100520670375,2.0176143459361566,0.18180931884061982,0.0,0.0,0.2732067487201602
75,0.1,0.9900589119842268,0.21899303177982382,0.04808923969578814,0.0,0.0,0.0674618645124716,6.088903249527119,1.8983256623800397,0.24328673583302457,6.833106411868798,2.039513649114139,0.18661824281019865,0.0,0.0,0.27995293517140735
76,0.1,0.9910736021483515,0.21692476993469814,0.048674634178960084,0.0,0.0,0.06803104544417035,8.052566260744578,1.9449026107810954,0.44311186740506137,6.9322137720836325,2.0612061261076087,0.19148570622809466,0.0,0.0,0.28675603971582436
77,0.1,0.992034861939898,0.21483467045295654,0.049257850858631165,0.0,0.0,0.06858805111504115,6.842299263824136,0.5884534548183165,0.9930913554398094,7.031417258277623,2.0826895931529044,0.19641149131395777,0.0,0.0,0.29361484482732847
78,0.1,0.9929424225594702,0.2127229437431797,0.04983886364048455,0.0,0.0,0.06913278183986996,7.534441617458765,2.9026861847317766,-0.8053279199559495,7.13071150053357,2.1039618875272224,0.20139537767800622,0.0,0.0,0.3005281230113155
79,0.1,0.9937960302237017,0.21058980239114358,0.050417646528810325,0.0,0.0,0.06966514013024376,7.361004532030469,2.1815896998649467,-0.942829863053829,7.2300911035559405,2.1250208677663367,0.20643714233088725,0.0,0.0,0.3074946370243399
80,0.1,0.9945954462362208,0.20843546113841824,0.050994173627668594,0.0,0.0,0.07018503071199772,7.5874936866838105,1.660592627441722,0.4871094105770192,7.329550648179563,2.1458644138801786,0.21153655969365412,0.0,0.0,0.31451314009553966
81,0.1,0.9953404470543982,0.20626013686075026,0.051568419142048155,0.0,0.0,0.07069236054226598,6.214830832197788,1.4916698031609645,-0.33877909902593445,7.429084692885002,2.1664904275662535,0.21669340160785894,0.0,0.0,0.32158237614976626
82,0.1,0.9960308243518571,0.20406404854622986,0.0521403573790206,0.0,0.0,0.07118703882613323,6.408590563808226,2.1609644706069697,1.0643063211829078,7.528687775320188,2.1868968324208766,0.221907437345761,0.0,0.0,0.3287010800323796
83,0.1,0.9966663850767271,0.2018474172732457,0.052709962748889866,0.0,0.0,0.07166897703288391,7.550760338438453,2.5793331194951366,1.182559965742204,7.628354413827861,2.207081574148201,0.22717843362065,0.0,0.0,0.33586797773566796
84,0.1,0.9972469515056288,0.199610466188229,0.053277209766337146,0.0,0.0,0.0721380889118463,8.048384699804362,1.9057559083621372,-1.159071834645891,7.728079108978424,2.227042620767024,0.23250615459728372,0.0,0.0,0.34308178662685257
85,0.1,0.9977723612933704,0.19735342048318952,0.05384207305156124,0.0,0.0,0.07259429050782834,8.009027849793789,1.9575401660539598,-0.14065094155240182,7.827856345107761,2.246777962815343,0.23789036190243984,0.0,0.0,0.35034121567763543
86,0.1,0.9982424675183446,0.19507650737304588,0.054404527331414,0.0,0.0,0.07303750017614291,8.369972630930178,2.5847496570373,-0.904209503970369,7.927680591859596,2.2662856135526472,0.24333081463558123,0.0,0.0,0.35764496569524973
87,0.1,0.9986571387236128,0.19277995607275178,0.054964547440531156,0.0,0.0,0.07346763859721939,8.13522533861578,2.0010690085683667,0.7813054678932521,8.027546305731956,2.2855636091599223,0.24882726937963434,0.0,0.0,0.36499172955497167
88,0.1,0.9990162589536653,0.19046399777422127,0.055522108322458255,0.0,0.0,0.07388462879079921,8.053356496236168,2.8871942893902967,-0.26391056497587717,8.127447931627323,2.3046100089373445,0.25437948021188017,0.0,0.0,0.37238019243405157
89,0.1,0.9993197277868451,0.1881288656230548,0.05607718503077175,0.0,0.0,0.07428839612971273,7.8922111560687,1.8887233068122025,0.07541778799920046,8.227379904406007,2.32342289549965,0.25998719871495735,0.0,0.0,0.3798090320470228
90,0.1,0.9995674603634299,0.1857747946950687,0.05662975273019514,0.0,0.0,0.07467886835323499,8.101065814482494,3.1084062953029576,-0.474329028128025,8.32733665044235,2.3420003749691567,0.26565017398797686,0.0,0.0,0.38727691888234633
91,0.1,0.9997593874093614,0.1834020219726302,0.057179786697710136,0.0,0.0,0.07505597558001785,8.427124308137488,1.4924065154188193,-0.7874489764260595,8.427312589183286,2.36034057716642,0.2713681526577479,0.0,0.0,0.3947825164403481
92,0.1,0.9998954552556165,0.18101078632080067,0.05772726232366287,0.0,0.0,0.07541965032059654,8.056300459877805,1.2744837756290062,0.34011068143160317,8.527302134708847,2.3784416557985,0.2771408788901142,0.0,0.0,0.4023244814724078
93,0.1,0.9999756258532149,0.17860132846328927,0.058272155112864925,0.0,0.0,0.07576982748946792,8.060369057656859,1.9681243607381618,0.5382039101652463,8.627299697294168,2.396301788644829,0.2829680944014007,0.0,0.0,0.4099014642213546
94,0.1,0.9999998767838587,0.17617389095821953,0.058814440685689334,0.0,0.0,0.07610644441673857,9.747552541075748,1.987599184910413,-1.126437535256598,8.727299684972554,2.4139191777406506,0.28884953846996964,0.0,0.0,0.41751210866302846
95,0.1,0.9999682012662019,0.17372871817371108,0.059354094779161384,0.0,0.0,0.07642944085934059,8.494088245904821,2.3706659599482403,1.0268847322357928,8.827296505099174,2.4312920495580217,0.2947849479478858,0.0,0.0,0.42515505274896254
96,0.1,0.9998806081577458,0.17126605626327954,0.05989109324804414,0.0,0.0,0.07673875901181312,8.843839135257044,1.7828165887849785,0.8907122815245498,8.927284565914949,2.4484186551843496,0.3007740572726902,0.0,0.0,0.43282892865014383
97,0.1,0.9997371219523628,0.1687861531410562,0.06042541206591883,0.0,0.0,0.07703434351664755,9.730244900962775,2.2853782557616444,0.4615160674797581,9.027258278110185,2.4652972704984553,0.30681659847928205,0.0,0.0,0.4405323630018086
98,0.1,0.9995377827734467,0.16628925845683093,0.06095702732625975,0.0,0.0,0.07731614147419459,9.33339321313929,4.233957794851337,-0.14329253275631437,9.12721205638753,2.4819261963441384,0.31291230121190805,0.0,0.0,0.44826397714922805
99,0.1,0.9992826463626936,0.16377562357092004,0.06148591524350397,0.0,0.0,0.07758410245213163,8.902521007316247,2.3935251245947233,0.7831155424531278,9.227140321023798,2.4983037587012302,0.31906089273625843,0.0,0.0,0.45602238739444123
100,0.1,0.9989717840645136,0.16124550152886205,0.06201205215411548,0.0,0.0,0.07783817849448826,9.086803343337035,2.837812831951462,0.918559745140217,9.327037499430249,2.5144283088541166,0.32526209795167,0.0,0.0,0.46380620524389005
101,0.1,0.9986052828060815,0.15869914703594376,0.06253541451764404,0.0,0.0,0.07807832413022898,10.767807619250709,2.3941358443772156,0.08797511203912192,9.426898027710857,2.530298223557711,0.33151563940343437,0.0,0.0,0.47161403765691295
102,0.1,0.9981832450730289,0.15613681643155938,0.06305597891777827,0.0,0.0,0.07830449638139082,9.269066406233309,1.2322314126332563,-0.5059883501114214,9.52671635221816,2.545911905200867,0.3378212372952122,0.0,0.0,0.479444487295052
103,0.1,0.997705788880786,0.153558767663405,0.06357372206339353,0.0,0.0,0.07851665477077498,9.7052824785947,2.641333726213867,2.115044777371744,9.626486931106239,2.5612677819672074,0.34417860950155155,0.0,0.0,0.4872961527721295
104,0.1,0.99717304774158,0.15096526026151122,0.06408862078959389,0.0,0.0,0.07871476132919092,10.561744671384886,3.0880299548069976,1.3464115172533266,9.726204235880397,2.5763643079933587,0.35058747158051096,0.0,0.0,0.4951676289050486
105,0.1,0.9965851706271017,0.14835655531211644,0.06460065205874861,0.0,0.0,0.07889878060225153,9.352051692177335,2.173274939739615,-0.18629428026069478,9.825862752943108,2.5911999635245704,0.35704753678638584,0.0,0.0,0.5030575069652737
106,0.1,0.9959423219268476,0.14573291543138361,0.0651097929615229,0.0,0.0,0.07906867965671827,9.79045940759486,4.076730122792823,0.15749411283063405,9.925456985135792,2.605773255067709,0.36355851608253814,0.0,0.0,0.5109643749309456
107,0.1,0.9952446814021516,0.1430946047389628,0.0656160207179029,0.0,0.0,0.07922442808639515,9.556060491820817,2.627082526013882,0.9298797226301839,10.024981453276007,2.620082715541605,0.37012011815432844,0.0,0.0,0.5188868177395851
108,0.1,0.9944924441359174,0.1404418888314025,0.06611931267821496,0.0,0.0,0.07936599801757037,10.436664719908368,3.208089156530883,-0.4781048190310822,10.124430697689599,2.6341269044247455,0.37673204942214994,0.0,0.0,0.5268234175413421
109,0.1,0.9936858204780675,0.13777503475541225,0.06661964632413897,0.0,0.0,0.07949336411400473,9.604904751000412,2.4707223148296067,0.4325423240862436,10.223799279737406,2.647904407900287,0.38339401405456386,0.0,0.0,0.5347727539527426
110,0.1,0.9928250359867224,0.13509431098097938,0.06711699926971591,0.0,0.0,0.07960650358146609,11.255073426214164,1.7665285380180977,0.8228374990709244,10.323081783336079,2.661413838998385,0.39010571398153543,0.0,0.0,0.5427334043108892
111,0.1,0.9919103313651273,0.1323999873743421,0.06761134926234948,0.0,0.0,0.07970539617180866,10.249150516898478,3.0879909933194027,-0.07106225621493345,10.422272816472592,2.674653837735819,0.39686684890777035,0.0,0.0,0.5507039439280701
112,0.1,0.9909419623943432,0.12969233517082251,0.0681026741838016,0.0,0.0,0.07979002418659677,9.540916419478334,3.497348025721202,0.5949220989707227,10.521367012712027,2.6876230712529012,0.4036771163261505,0.0,0.0,0.5586829463467298
113,0.1,0.9899201998617229,0.12697162694752165,0.06859095205118222,0.0,0.0,0.07986037248027227,9.25925317493373,3.1738780485860056,-0.3000805299676469,10.620359032698198,2.7003202339476533,0.41053621153126874,0.0,0.0,0.566668983594757
114,0.1,0.9888453294851898,0.12423813659587898,0.0690761610179327,0.0,0.0,0.07991642846286515,10.634773083962049,2.6896943352408647,-0.5315409047197561,10.719243565646718,2.712744047607241,0.417443827633062,0.0,0.0,0.5746606264410435
115,0.1,0.9877176518333416,0.12149213929410037,0.06955827937480334,0.0,0.0,0.07995818210224659,11.576487299692634,2.348015026054421,1.5434213168384443,10.818015330830052,2.7248932615366512,0.4243996555705423,0.0,0.0,0.5826564446512682
116,0.1,0.9865374822414023,0.11873391147945596,0.07003728555082474,0.0,0.0,0.07998562592592451,11.240779343397934,3.081390364052228,0.6053716372040918,10.916669079054193,2.736766652684597,0.4314033841256248,0.0,0.0,0.5906550072438607
117,0.1,0.9853051507230434,0.11596373082045146,0.07051315811427286,0.0,0.0,0.07999875502238081,12.374376547015828,2.0246125472199226,-0.11643712195792916,11.015199594126498,2.748363025766642,0.43845469993705205,0.0,0.0,0.5986548827460988
118,0.1,0.9840210018781019,0.1131818761888755,0.07098587577362796,0.0,0.0,0.07999756704195037,10.642068862635618,3.549282209160632,1.1664959777364958,11.113601694314308,2.7596812133855297,0.44555328751441486,0.0,0.0,0.6066546394502939
119,0.1,0.9826853947962191,0.11038862763172587,0.07145541737852722,0.0,0.0,0.07998206219724156,11.261669171475992,2.9473872930670297,-0.7038561169790489,11.211870233793931,2.7707200761487023,0.45269882925226756,0.0,0.0,0.614652845670018
120,0.1,0.9812987029564271,0.10758426634301736,0.07192176192071102,0.0,0.0,0.0799522432630983,12.335316582083651,2.6184591314436507,0.5357804439435973,11.310000104089573,2.781478502783004,0.45989100544433864,0.0,0.0,0.6226480699963278
121,0.1,0.9798613141227124,0.10476907463547425,0.07238488853496294,0.0,0.0,0.07990811557610324,11.189756411259102,3.2401141041143466,0.3099797153348033,11.407986235501845,2.7919554102465516,0.46712949429783496,0.0,0.0,0.6306388815539381
122,0.1,0.9783736302355838,0.10194333591211009,0.0728447765000433,0.0,0.0,0.07984968703362291,11.582851095543225,2.857918307573979,0.11416583597991892,11.505823598525403,2.8021497438377625,0.4744139719478393,0.0,0.0,0.6386238502573004
123,0.1,0.9768360672996779,0.09910733463769776,0.07330140523961623,0.0,0.0,0.07977696809239421,11.171398140202704,3.0813907871166384,0.744900546821636,11.60350720525537,2.8120604773015323,0.48174411247180093,0.0,0.0,0.6466015470665398
124,0.1,0.9752490552674294,0.09626135631013266,0.07375475432317034,0.0,0.0,0.07968997176665309,12.210049920015615,3.830435217769013,-0.37633842582236715,11.701032110782114,2.8216866129325457,0.48911958790411797,0.0,0.0,0.6545705442432052
125,0.1,0.9736130379188441,0.09340568743169181,0.07420480346693285,0.0,0.0,0.0795887136258054,10.509667747409516,2.5447489905950147,1.381693132062829,11.798393414573999,2.831027181675715,0.49654006825081126,0.0,0.0,0.6625294156057857
126,0.1,0.9719284727374018,0.090540615480192,0.07465153253477705,0.0,0.0,0.07947321179164049,11.861386731680293,1.5660135459957774,1.6137183830726047,11.89558626184774,2.840081243223734,0.504005221504289,0.0,0.0,0.6704767367849498
127,0.1,0.9701958307821306,0.08766642888004955,0.07509492153912328,0.0,0.0,0.07934348693508807,12.340153617198471,1.8020150820146934,-0.07139431662476725,11.992605844925952,2.8488478861117392,0.5115147136582012,0.0,0.0,0.6784110854784586
128,0.1,0.9684155965558824,0.0847834169732449,0.07553495064183319,0.0,0.0,0.07919956227251873,12.156188663538888,2.4673775039788723,0.42230849589774877,12.089447404581541,2.8573262278090636,0.5190682087223846,0.0,0.0,0.6863310417057105
129,0.1,0.9665882678698512,0.0818918699901948,0.07597160015509741,0.0,0.0,0.0790414635615891,12.545822743979066,2.8669834702448007,1.496951670335891,12.186106231368527,2.8655154148080832,0.5266653687378943,0.0,0.0,0.6942351880618693
130,0.1,0.9647143557043681,0.07899207902053504,0.07640485054231633,0.0,0.0,0.07886921909663197,12.14702146517273,3.9130359348741734,0.12385127319906014,12.282577666938964,2.8734146227101367,0.5343058537921259,0.0,0.0,0.7021221099715326
131,0.1,0.9627943840660153,0.07608433598381667,0.07683468241897427,0.0,0.0,0.07868285970359266,11.561594178854014,1.414907868029307,-0.06615187325424521,12.378857105345565,2.881023056308518,0.5419893220340234,0.0,0.0,0.7099903959418918
132,0.1,0.9608288898410962,0.07316893360011882,0.07726107655350672,0.0,0.0,0.07848241873451223,12.536925408992264,3.55507620626587,-1.8518820900147548,12.474939994329675,2.8883399496685302,0.549715429689374,0.0,0.0,0.7178386378153431
133,0.1,0.9588184226455053,0.07024616536058062,0.0776840138681609,0.0,0.0,0.07826793206155847,12.539157342403564,2.212876637131934,1.048126888835021,12.570821836594225,2.8953645662045884,0.5574838310761902,0.0,0.0,0.7256654310214989
134,0.1,0.9567635446710375,0.06731632549785586,0.07810347543984925,0.0,0.0,0.07803943807060609,12.304251050494921,3.1078134057851603,1.820900799174064,12.66649819106133,2.902096198754374,0.5652941786201751,0.0,0.0,0.7334693748285596
135,0.1,0.9546648305281805,0.0643797089564928,0.07851944250099607,0.0,0.0,0.07779697765436694,12.834963714598802,2.7861266872151176,1.254419267131642,12.761964674114147,2.9085341696500233,0.5731461228702747,0.0,0.0,0.7412490725939963
136,0.1,0.9525228670854362,0.061436611363242195,0.0789318964403774,0.0,0.0,0.07754059420507156,13.057071058634675,2.769851580559762,-0.5443488373223561,12.85721696082269,2.9146778307863475,0.5810393125143124,0.0,0.0,0.7490031320145034
137,0.1,0.9503382533052122,0.058487328997297035,0.07934081880395344,0.0,0.0,0.07727033360670346,12.69930144202461,1.7523063847336244,0.723083681984992,12.952250786153211,2.920526563686077,0.5889733943947077,0.0,0.0,0.7567301653751738
138,0.1,0.948111600076333,0.055532158760466216,0.07974619129569445,0.0,0.0,0.07698624422678743,13.439630028295861,2.9612798527838295,1.8741956481568254,13.047061946160845,2.926079779562124,0.5969480135242772,0.0,0.0,0.7644287897978526
139,0.1,0.9458435300432155,0.05257139814728567,0.08014799577839929,0.0,0.0,0.07668837690773338,12.337188096095865,3.2078042279725136,0.6227213799165258,13.141646299165167,2.9313369193768524,0.6049628131021171,0.0,0.0,0.7720976274886259
140,0.1,0.943534677431758,0.04960534521506992,0.08054621427450687,0.0,0.0,0.07637678495773725,12.404221204051193,3.2746995549828446,1.1801320183597839,13.235999766908343,2.9362974538983595,0.6130174345295678,0.0,0.0,0.7797353059843996
141,0.1,0.9411856878719892,0.04663429855390685,0.08094082896690052,0.0,0.0,0.07605152414124068,14.101830112261617,2.8142943984907616,1.0546946066639986,13.330118335695541,2.94096088375375,0.6211115174262578,0.0,0.0,0.7873404583985236
142,0.1,0.9387972182175295,0.04365855725659886,0.08133182219970524,0.0,0.0,0.07571265266895105,12.954469510801694,3.972357338875744,1.8708993515368006,13.423998057517295,2.9453267394794103,0.6292446996462283,0.0,0.0,0.7949117236654187
143,0.1,0.9363699363619138,0.04067842088855354,0.08171917647907752,0.0,0.0,0.07536023118742369,13.620334023002313,3.10200126499512,-0.10826063618424886,13.517635051153487,2.9493945815682654,0.637416617294136,0.0,0.0,0.8024477467841611
144,0.1,0.9339045210518262,0.037694189457626544,0.08210287447398822,0.0,0.0,0.07499432276820821,13.624077513265206,2.6941412410699,0.8023336039900115,13.61102550325867,2.953164000514028,0.6456269047415348,0.0,0.0,0.8099471790609819
145,0.1,0.9314016616973008,0.03470616338392007,0.0824828990169978,0.0,0.0,0.07461499289656087,12.722705448198948,4.18921963609272,0.7862309595914672,13.7041656694284,2.95663461685242,0.6538751946432346,0.0,0.0,0.817408678350638
146,0.1,0.9288620581789403,0.031714643469540046,0.08285923310502465,0.0,0.0,0.07422230945972487,14.552778382229514,3.3054460438569078,0.46398117822013346,13.797051875246295,2.959806081199374,0.6621611179537371,0.0,0.0,0.8248309092966105
147,0.1,0.9262864206522066,0.02871993086831425,0.08323185990010562,0.0,0.0,0.07381634273478083,15.230880887407901,3.7428406030443018,-0.3597626762616569,13.889680517311515,2.962678074286205,0.6704843039437477,0.0,0.0,0.8322125435700886
148,0.1,0.9236754693488384,0.025722327055475665,0.08360076273014956,0.0,0.0,0.0733971653760696,13.970560627129037,2.8077293076496517,0.1244212224442034,13.9820480642464,2.9652503069917526,0.6788443802167626,0.0,0.0,0.8395522601076956
149,0.1,0.9210299343754508,0.022722133797313145,0.08396592508968316,0.0,0.0,0.07296485240218957,15.583010801503388,2.1225879527498313,1.7522975323730385,14.074151057683943,2.967522520371484,0.6872409727257309,0.0,0.0,0.8468487453479145
150,0.1,0.9183505555093741,0.019719653120792848,0.0843273306405895,0.0,0.0,0.07251948118257083,12.974137637607145,3.9282336615032794,0.3334089249443181,14.165986113234881,2.9694944856835632,0.6956737057897899,0.0,0.0,0.8541006934661717
151,0.1,0.9156380819917882,0.016715187283153445,0.08468496321283901,0.0,0.0,0.07206113142362874,12.69981176557307,3.167416037209054,1.0461739696609773,14.25754992143406,2.9711660044118786,0.7041422021110738,0.0,0.0,0.8613068066085345
152,0.1,0.91289327231821,0.01370903874147814,0.08503880680521295,0.0,0.0,0.0715898851544991,13.722916252082404,3.7349412696048407,-0.45105040288820863,14.348839248665882,2.9725369082860262,0.7126460827915951,0.0,0.0,0.8684657951239845
153,0.1,0.9101168940263942,0.010701510122246544,0.08538884558601936,0.0,0.0,0.07110582671235774,15.235099148909777,3.3937412098425055,1.9805881643098517,14.439850938068522,2.973607059298251,0.7211849673501971,0.0,0.0,0.8755763777952202
154,0.1,0.9073097234817036,0.007692904190869535,0.08573506389380144,0.0,0.0,0.07060904272732697,14.26522405618404,3.6003512471570667,0.3364801122482231,14.530581910416693,2.974376349717338,0.7297584737395773,0.0,0.0,0.8826372820679529
155,0.1,0.904472545660014,0.004683523821210111,0.08607744623803815,0.0,0.0,0.07009962210697177,15.207733816918282,3.1622620047479315,1.3124336909466576,14.621029164982694,2.974844702099459,0.738366218363381,0.0,0.0,0.88964724427865
156,0.1,0.9016061539282075,0.0016736719650933293,0.08641597729983745,0.0,0.0,0.0695776560203883,13.833781594010794,3.332390344892684,1.0207499496741166,14.711189780375515,2.9750120692959685,0.7470078160933648,0.0,0.0,0.8966050098806889
157,0.1,0.8987113498223234,-0.0013363483781916033,0.08675064193262155,0.0,0.0,0.06904323788188772,15.866898715164469,2.756224487963264,0.6465507310311476,14.801060915357747,2.9748784344581494,0.7556828802866269,0.0,0.0,0.9035093336688776
158,0.1,0.8957889428234209,-0.004346234192394016,0.0870814251628047,0.0,0.0,0.06849646333427817,15.356987146879684,3.3588296343109016,-0.975291598513504,14.890639809640088,2.9744438110389098,0.7643910228029074,0.0,0.0,0.9103589800023054
159,0.1,0.8928397501312234,-0.007355682474806167,0.08740831219046313,0.0,0.0,0.06793743023174796,14.800125467387735,3.58777800748651,0.5412854767244022,14.979923784653211,2.973708242791429,0.7731318540219537,0.0,0.0,0.9171527230254802
160,0.1,0.8898645964356019,-0.010364390266766282,0.08773128838999716,0.0,0.0,0.06736623862235294,13.791359661767252,2.7439266436175282,0.7754493972735643,15.068910244296772,2.972671803764752,0.7819049828609534,0.0,0.0,0.9238893468877155
161,0.1,0.8868643136859659,-0.01337205468415714,0.08805033931078564,0.0,0.0,0.06678299073011132,14.49530156218483,3.0363544801162394,0.03201815512274675,15.157596675665369,2.9713345982963366,0.790710016792032,0.0,0.0,0.9305676459607266
162,0.1,0.8838397408586223,-0.016378372947897176,0.08836545067783247,0.0,0.0,0.06618779093670896,15.115760402380438,3.0301834935864376,2.0392523124376423,15.245980649751232,2.969696761001547,0.7995465618598152,0.0,0.0,0.9371864250543975
163,0.1,0.880791723722172,-0.019383042414420997,0.08867660839240536,0.0,0.0,0.06558074576281861,15.582278004994812,3.8557452524330724,0.9623438984570356,15.334059822123448,2.9677584567601047,0.8084142226990557,0.0,0.0,0.9437444996306794
164,0.1,0.8777211146010037,-0.022385760606146256,0.08898379853266652,0.0,0.0,0.06496196384903634,14.632267966042853,2.1620022305920292,1.368420103349714,15.42183193358355,2.9655198806994902,0.8173126025523224,0.0,0.0,0.950240696015583
165,0.1,0.8746287721369579,-0.02538622524192382,0.08928700735429568,0.0,0.0,0.06433155593643847,14.3949367527925,1.852210041482654,1.454767110111263,15.509294810797245,2.9629812581752977,0.826241303287752,0.0,0.0,0.9566738516092269
166,0.1,0.871515561049222,-0.02838413426746816,0.08958622129110488,0.0,0.0,0.06368963484676267,15.02714284217357,2.1572744954563268,1.9812679005617058,15.596446366902168,2.960142844748551,0.8351999254168625,0.0,0.0,0.9630428150939032
167,0.1,0.8683823518925271,-0.031379185885764924,0.08988142695564567,0.0,0.0,0.06303631546221673,15.072815333805593,3.378451068479744,0.8164967501082616,15.68328460209142,2.9570049261599745,0.8441880681124271,0.0,0.0,0.9693464466401249
168,0.1,0.8652300208137125,-0.034371078587452565,0.09017261113980787,0.0,0.0,0.062371714704918466,15.858364393503514,2.979728127531089,1.5502119196236959,15.769807604172792,2.953567818301229,0.8532053292264079,0.0,0.0,0.9755836181106168
169,0.1,0.862059449306727,-0.037359511181175045,0.09045976081541066,0.0,0.0,0.06169595151597063,16.88244587215403,2.295227113216945,1.919656579793878,15.856013549103464,2.9498318671831116,0.862251305307949,0.0,0.0,0.9817532132622139
170,0.1,0.8588715239661339,-0.040344182823902536,0.09074286313478543,0.0,0.0,0.06100914683417447,15.785989056912808,2.8212689434388394,1.3416268312291886,15.941900701500078,2.9457974489007213,0.8713255916214275,0.0,0.0,0.9878541279456313
171,0.1,0.8556671362391912,-0.04332479305121701,0.09102190543135068,0.0,0.0,0.06031142357438576,15.643286636671332,2.2921280614538384,1.9277118958674255,16.027467415123997,2.9414649695955997,0.8804277821645626,0.0,0.0,0.99388527030307
172,0.1,0.8524471821765739,-0.0463010418075598,0.09129687522017865,0.0,0.0,0.05960290660551717,15.704507099446808,1.4558863817692707,-1.4070658271999281,16.112712133341656,2.9368348654148435,0.8895574696865804,0.0,0.0,0.9998455609636216
173,0.1,0.8492125621818085,-0.04927262947643784,0.091567760198554,0.0,0.0,0.058883722728191,16.41375594682268,2.8199782518914764,2.0938798245147305,16.197633389559837,2.9319076024671995,0.8987142457064359,0.0,0.0,1.0057339332364408
174,0.1,0.845964180759492,-0.052239256910585924,0.09183454824652425,0.0,0.0,0.0581540006520461,15.461911751882765,2.0747822261249507,0.9249602371567971,16.282229807635787,2.926683676776141,0.9078977005310883,0.0,0.0,1.0115493333016454
175,0.1,0.8427029462623622,-0.055200625462081536,0.09209722742744199,0.0,0.0,0.057413870972703195,17.288862378394843,3.8962912887727033,0.9357142670540437,16.366500102262023,2.921163614229933,0.9171074232738325,0.0,0.0,1.0172907203989157
176,0.1,0.8394297706372936,-0.058156437012409586,0.09235578598849903,0.0,0.0,0.05666346614839271,15.997710963984762,3.0050080324583295,1.9817250414740677,16.45044307932575,2.915347970528692,0.9263430018726825,0.0,0.0,1.0229570670137549
177,0.1,0.8361455691702869,-0.06110639400247349,0.09261021236125219,0.0,0.0,0.05590292047624917,16.476187596575404,2.5962681073173357,1.245250556087035,16.53405763624278,2.9092373311284447,0.9356040231088077,0.0,0.0,1.0285473590613798
178,0.1,0.8328512602305258,-0.06405019946255058,0.09286049516214093,0.0,0.0,0.05513237006827658,16.75642240775311,2.9813294226867106,2.391556778980827,16.61734276226583,2.90283231118219,0.9448900726250219,0.0,0.0,1.0340605960682074
179,0.1,0.8295477650135705,-0.06698755704218753,0.09310662319299665,0.0,0.0,0.05435195282698896,17.167995552629915,2.9810143307587893,0.7159181380421935,16.700297538767188,2.896133555477971,0.9542007349443216,0.0,0.0,1.0394957913509064
180,0.1,0.8262360072837629,-0.06991817104003381,0.09334858544154373,0.0,0.0,0.05356180842073042,16.600907339959285,3.2480543581498256,1.4742283452290335,16.782921139495564,2.8891417383739677,0.963535593488476,0.0,0.0,1.0448519721929794
181,0.1,0.8229169131159104,-0.07284174643360966,0.09358637108189223,0.0,0.0,0.05276207825867935,16.433661500661177,2.525213933965544,0.7923853027910404,16.865212830807156,2.8818575637306068,0.9728942305966651,0.0,0.0,1.0501281800188473
182,0.1,0.819591410636327,-0.0757579889090058,0.0938199694750223,0.0,0.0,0.05195290546554082,16.30398522224655,3.644200243478494,0.3660294469323211,16.947171971870787,2.874281764839706,0.9822762275441673,0.0,0.0,1.0553234705654013
183,0.1,0.816260429763298,-0.07866660489051167,0.09404937016926015,0.0,0.0,0.05113443485593212,17.144450953448704,3.5609821618393456,0.317136843991803,17.028798014847116,2.8664151043506547,0.9916811645610933,0.0,0.0,1.0604369140509946
184,0.1,0.8129249019470453,-0.08156730157016959,0.09427456290074568,0.0,0.0,0.050306812908465885,16.52661674413903,2.7698869814183467,1.3613742776979196,17.11009050504182,2.8582583741936376,1.001108620851168,0.0,0.0,1.065467595341841
185,0.1,0.8095857599092631,-0.08445978693725142,0.09449553759389173,0.0,0.0,0.049470187739535314,17.32876119228366,2.895883339520225,1.8909284906266113,17.191049081032748,2.8498123954999124,1.0105581746105572,0.0,0.0,1.0704146141157946
186,0.1,0.8062439373822997,-0.08734376980765501,0.0947122843618349,0.0,0.0,0.048624709076806376,16.88511019928179,2.3808375849288947,1.4838205421479547,17.271673474770978,2.841078018519147,1.0200294030467407,0.0,0.0,1.0752770850234752
187,0.1,0.8029003688480545,-0.09021895985321753,0.09492479350687784,0.0,0.0,0.04777052823242156,17.445139767730307,3.501842430963505,1.7938020671935617,17.351963511655782,2.8320561225338254,1.0295218823974286,0.0,0.0,1.0800541378467174
188,0.1,0.7995559892766675,-0.09308506763094251,0.09513305552092322,0.0,0.0,0.046907798075920173,16.681594916551308,1.3820546830627138,1.4366744446257238,17.43191911058345,2.822747615770731,1.039035187949521,0.0,0.0,1.0847449176543094
189,0.1,0.7962117338650708,-0.09594180461213786,0.09533706108589905,0.0,0.0,0.0460366730068798,17.492872463629926,3.020805369812595,0.4328525256538269,17.511540283969957,2.813153435309517,1.0485688940581108,0.0,0.0,1.0893485849549973
190,0.1,0.7928685377754775,-0.0987888832114618,0.09553680107417573,0.0,0.0,0.045157308927284014,18.158698880272567,2.656832495880581,1.45316249072655,17.590827137747503,2.803274546988371,1.0581225741655285,0.0,0.0,1.0938643158477257
191,0.1,0.7895273358738797,-0.10162601681587381,0.09573226654897432,0.0,0.0,0.044269863213621176,18.315569216651397,2.8821624439190177,1.0180584336816179,17.669779871334892,2.7931119453067836,1.0676958008204258,0.0,0.0,1.0982913021690879
192,0.1,0.7861890624686304,-0.10445291981348782,0.09592344876476641,0.0,0.0,0.04337449468871938,17.280635642601595,4.666943274089361,0.14009411693831086,17.748398777581755,2.782666653325435,1.0772881456969023,0.0,0.0,1.1026287516379598
193,0.1,0.7828546510491794,-0.10726930762232441,0.09611033916766544,0.0,0.0,0.04247136359332248,18.330275702266896,1.7387448167401132,0.5265200730980654,17.826684242686675,2.7719397225632023,1.0868991796136689,0.0,0.0,1.106875887997292
194,0.1,0.7795250340250406,-0.11007489671895951,0.09629292939580944,0.0,0.0,0.04156063155741243,18.89535654313268,2.264187391878035,1.8463457247391992,17.904636746089178,2.760932232891306,1.0965284725532498,0.0,0.0,1.1110319511530333
195,0.1,0.7762011424650594,-0.11286940466706644,0.09647121127973507,0.0,0.0,0.040642461571283005,17.72820713868094,3.372452574044075,0.1327451254563604,17.982256860335685,2.7496452924245993,1.1061755936812234,0.0,0.0,1.1150961973101616
196,0.1,0.772883905837056,-0.11565255014584852,0.09664517684274325,0.0,0.0,0.039717017956369984,17.279684895217763,3.761319989964342,1.3551523572883544,18.059545250919392,2.7380800374100143,1.1158401113654977,0.0,0.0,1.1190678991057987
197,0.1,0.7695742517479157,-0.1184240529783595,0.09681481830125595,0.0,0.0,0.0387844663358432,17.421971128551576,2.3951811748438963,-0.8076160843676752,18.136502676094185,2.7262376321121784,1.1255215931956233,0.0,0.0,1.1229463457393831
198,0.1,0.7662731056842002,-0.12118363415970862,0.09698012806516454,0.0,0.0,0.03784497360496556,17.990171895367517,1.7884953404884048,0.4576194425053097,18.213129986662604,2.7141192686962077,1.1352196060021398,0.0,0.0,1.1267308430998797
199,0.1,0.7629813907533515,-0.12393101588514785,0.09714109873816927,0.0,0.0,0.03689870790122444,19.33173569988502,2.3154669601543376,0.7021797056487521,18.28942812573794,2.701726167107693,1.1449337158759567,0.0,0.0,1.1304207138900022
200,0.1,0.7597000274255611,-0.12666592157803827,0.09729772311811034,0.0,0.0,0.03594583857424073,17.58241894637344,3.1463764472142777,1.5282284853953705,18.365398128480493,2.689059574949889,1.1546634881877678,0.0,0.0,1.1340152977474263
201,0.1,0.756429933276377,-0.1293880759176929,0.09744999419729002,0.0,0.0,0.03498653615546102,17.84235733951409,1.506558040859147,1.0025936646921232,18.44104112180813,2.6761207673581198,1.1644084876074967,0.0,0.0,1.1375139513629724
202,0.1,0.7531720227301193,-0.13209720486709264,0.09759790516278624,0.0,0.0,0.03402097232763815,18.589762437541097,1.263072700907319,1.9552175908083314,18.516358324081143,2.6629110468714106,1.1741682781237754,0.0,0.0,1.1409160485957361
203,0.1,0.7499272068041782,-0.13479303570047405,0.09774144939675743,0.0,0.0,0.033049319894105846,17.93705279459261,2.6987723040984113,0.6193008028116274,18.59135104476156,2.649431743301363,1.1839424230634512,0.0,0.0,1.1442209805851467
204,0.1,0.7466963928542629,-0.13747529703078348,0.09788062047673854,0.0,0.0,0.032071752747852754,18.111686199788842,3.2615709257558585,1.237795237174742,18.666020684046984,2.6356842135982848,1.193730485111125,0.0,0.0,1.147428155859932
205,0.1,0.7434804843206771,-0.14014371883699844,0.0980154121759285,0.0,0.0,0.03108844584040144,17.66046330831072,2.8385352005109112,1.7565602087175884,18.74036873247905,2.621669841714585,1.203532026328718,0.0,0.0,1.1505370004439721
206,0.1,0.7402803804756863,-0.1427980324913093,0.09814581846346873,0.0,0.0,0.03009957515049799,18.67250298633061,3.3354626549068063,0.5447115139680382,18.81439677052662,2.607390038465454,1.2133466081750648,0.0,0.0,1.1535469579590218
207,0.1,0.7370969761720533,-0.14543797078616294,0.09827183350471305,0.0,0.0,0.029105317652617747,19.527350333030995,2.7226421706420396,1.3163335975945478,18.888106468143825,2.592846241386838,1.223173791525536,0.0,0.0,1.1564574897242836
208,0.1,0.7339311615928071,-0.14806326796116118,0.09839345166148866,0.0,0.0,0.028105851285292863,19.89522398879169,3.0426251943764537,0.9907295035288759,18.961499584303105,2.578039914590722,1.233013136691685,0.0,0.0,1.159268074852813
209,0.1,0.7307838220023205,-0.15067365972981575,0.09851066749234844,0.0,0.0,0.0271013549192673,19.365398697659657,2.0696574723546974,1.574846660657188,19.03457796650334,2.5629725486177404,1.2428642034409199,0.0,0.0,1.1619782103447398
210,0.1,0.7276558374987598,-0.15326888330615285,0.09862347575281441,0.0,0.0,0.026092008325484996,20.002735286387246,3.3733278355419882,0.7393368375054014,19.107343550253216,2.547645660287125,1.2527265510162013,0.0,0.0,1.1645874111772883
211,0.1,0.7245480827679824,-0.1558486774311684,0.0987318713956124,0.0,0.0,0.025077992142916953,18.991963375027687,2.9586001093343715,1.650032510062218,19.179798358530014,2.532060792544008,1.2625997381557625,0.0,0.0,1.16709521039158
212,0.1,0.7214614268389448,-0.1584127823991279,0.09883584957089785,0.0,0.0,0.024059487846232953,18.708191141935004,2.6444119432781177,1.5207794953681129,19.25194450121391,2.5162195143040953,1.2724833231128523,0.0,0.0,1.1695011591762032
213,0.1,0.718396732840695,-0.16096094008371187,0.09893540562647277,0.0,0.0,0.023036677713323708,20.365730519933674,2.6419336837749863,1.2036206662692694,19.32378417449798,2.5001234202957243,1.2823768636754995,0.0,0.0,1.1718048269475356
214,0.1,0.7153548577610134,-0.16349289396400002,0.09903053510799395,0.0,0.0,0.022009744792679267,18.617523898297787,1.501598237422295,1.9122722975149804,19.395319660274083,2.483774130899324,1.2922799171862989,0.0,0.0,1.1740058014268036
215,0.1,0.7123366522067707,-0.16600838915029614,0.09912123375917224,0.0,0.0,0.020978872870629543,19.49116789713052,2.1307360939460054,1.9580342478734771,19.46655332549476,2.4671732919842944,1.302192040562216,0.0,0.0,1.1761036887138665
216,0.1,0.7093429601660715,-0.16850717240978655,0.09920749752196295,0.0,0.0,0.01994424643845273,19.8511484581674,2.3522304182117546,1.7906524954103067,19.537487621511367,2.4503225747433155,1.3121127903144123,0.0,0.0,1.1780981133577118
217,0.1,0.7063746187722472,-0.17098899219203392,0.09928932253674748,0.0,0.0,0.018906050659357614,19.299717592686044,2.912493798610089,1.5674399613245498,19.608125083388593,2.433223675524112,1.3220417225680872,0.0,0.0,1.1799887184236475
218,0.1,0.7034324580697666,-0.1734535986542996,0.09936670514250591,0.0,0.0,0.017864471335345595,19.359264186036626,2.1232158115099278,0.7997199462138398,19.67846832919557,2.415878315658682,1.3319783930823377,0.0,0.0,1.181775165557182
219,0.1,0.7005173007821288,-0.17590074368669603,0.09943964187698093,0.0,0.0,0.016819694873958402,20.354171669946957,2.2866098928465575,0.6116016133133152,19.748520059273783,2.3982882412900124,1.3419223572700358,0.0,0.0,1.1834571350445777
220,0.1,0.6976299620818026,-0.17833018093716288,0.09950812947683262,0.0,0.0,0.01577190825491745,20.30128485203143,2.69823268152858,1.3417310493064734,19.818283055481963,2.380455223196296,1.3518731702177191,0.0,0.0,1.1850343258700695
221,0.1,0.6947712493622782,-0.18074166583626797,0.09957216487778454,0.0,0.0,0.014721298996660762,20.018079470882448,2.086734764205059,0.9314998436840614,19.88776018041819,2.3623810566126693,1.3618303867054975,0.0,0.0,1.1865064557697356
222,0.1,0.6919419620122937,-0.18313495562182697,0.09963174521476083,0.0,0.0,0.013668055122783507,20.534329515890445,1.53842907362238,0.2790549490041987,19.95695437661942,2.3440675610504864,1.3717935612269736,0.0,0.0,1.187873261282014
223,0.1,0.6891428911922999,-0.18550980936334305,0.09968686782201433,0.0,0.0,0.012612365128388122,19.072453922928663,2.9009979109365576,0.6083856889517263,20.025868665738653,2.325516580114152,1.3817622480091751,0.0,0.0,1.1891344977948528
224,0.1,0.6863748196132268,-0.1878659879862602,0.09973753023324596,0.0,0.0,0.01155441794635005,19.871589272691573,1.7716734717094984,0.6486765564899827,20.094506147699974,2.306729981315526,1.3917360010324997,0.0,0.0,1.190289939589488
225,0.1,0.6836385213176113,-0.1902032542960312,0.09978373018171494,0.0,0.0,0.010494402913505136,20.010310577948566,2.165703090444991,2.7267648434984197,20.162869999831734,2.287709655885923,1.4017143740506712,0.0,0.0,1.1913393798808385
226,0.1,0.6809347614631507,-0.19252137300199598,0.09982546560034034,0.0,0.0,0.00943250973676472,19.96048125713494,2.4143852599089435,2.7846020700064953,20.23096347597805,2.2684575185857234,1.4116969206107053,0.0,0.0,1.192282630854515
227,0.1,0.6782642961087395,-0.19482011074106745,0.09986273462179346,0.0,0.0,0.008368928459164504,21.255422881616443,2.655050807665897,2.0262548040864985,20.298789905588926,2.2489755075116165,1.4216831940728847,0.0,0.0,1.1931195237004313
228,0.1,0.6756278720030506,-0.19709923610122476,0.09989553557858144,0.0,0.0,0.007303849425853266,20.323341722797633,2.7898011629497153,1.603880517756525,20.36635269278923,2.229265583901494,1.431672747630743,0.0,0.0,1.1938499086430165
229,0.1,0.6730262263757203,-0.19935851964480866,0.09992386700312181,0.0,0.0,0.0062374632500275,19.846950491333626,3.3999754207915,1.4255128186270773,20.433655315426805,2.209329731937013,1.4416651343310551,0.0,0.0,1.1944736549680193
230,0.1,0.6704600867311955,-0.2015977339316194,0.09994772762780824,0.0,0.0,0.005169960778818087,20.887008220354677,1.8253031366459558,0.5989816461086884,20.500701324099925,2.189169958543851,1.4516599070938359,0.0,0.0,1.1949906510459012
231,0.1,0.6679301706452987,-0.20381665354181233,0.09996711638506718,0.0,0.0,0.004101533059135071,19.329824264664953,-0.13945468657229032,1.8676837328993672,20.567494341164455,2.16878829318967,1.4616566187323425,0.0,0.0,1.1954008043518147
232,0.1,0.665437185564572,-0.20601505509859142,0.09998203240740565,0.0,0.0,0.003032371303476848,19.404904167459854,1.7603474445145686,1.4516306334872813,20.63403805972091,2.148186787679811,1.4716548219730832,0.0,0.0,1.1957040414821625
233,0.1,0.6629818286084507,-0.2081927172906957,0.09999247502745004,0.0,0.0,0.001962666855709367,19.644540533715897,1.7450616065444493,1.7214781652348448,20.700336242581756,2.1273675159507417,1.4816540694758282,0.0,0.0,1.1959003081677335
234,0.1,0.6605647863743274,-0.21034942089467915,0.09999844377797601,0.0,0.0,0.0008926111568221863,20.576807345619468,2.481871140971986,-0.3795144593571447,20.766392721219187,2.1063325738612737,1.4916539138536258,0.0,0.0,1.1959895692834157
235,0.1,0.6581867347455561,-0.21248494879697916,0.09999993839192936,0.0,0.0,-0.0001776042893330442,21.218493593211655,2.658084031271464,0.5435987686218458,20.832211394693744,2.0850840789815757,1.5016539076928188,0.0,0.0,1.1959718088544824
236,0.1,0.6558483387024538,-0.2145990860157737,0.09999695880243796,0.0,0.0,-0.0012477879503153043,21.408892879832187,1.766875881394426,1.3155271703031095,20.89779622856399,2.0636241703799985,1.5116536035730626,0.0,0.0,1.1958470300594508
237,0.1,0.6535502521363508,-0.2166916197226228,0.0999895051428148,0.0,0.0,-0.0023177482993720477,21.327936317185976,0.9846994955910149,2.0734989475501955,20.963151253777625,2.041955008407736,1.521652554087344,0.0,0.0,1.1956152552295136
238,0.1,0.65129311766674,-0.21876233926389443,0.09997757774655197,0.0,0.0,-0.0033872938497160237,20.50164477443091,2.5412757534085344,1.4570409908106516,21.0282805655443,2.0200787744813464,1.5316503118619993,0.0,0.0,1.195276525844542
239,0.1,0.649077566461582,-0.22081103618197026,0.09996117714730579,0.0,0.0,-0.004456233188794952,21.264411036944953,1.4023092709783977,1.4927089299943799,21.093188322190457,1.9979976708631495,1.5416464295767298,0.0,0.0,1.1948309025256625
240,0.1,0.6469042180608077,-0.22283750423623136,0.09994030407887287,0.0,0.0,-0.005524375012547906,20.32540476625577,1.4736453848493059,0.5483582391610202,21.157878743996537,1.9757139204395264,1.5516404599846172,0.0,0.0,1.1942784650244076
241,0.1,0.6447736802030766,-0.22484153942381982,0.09991495947515736,0.0,0.0,-0.006591528159642284,21.151127981539503,1.2361269595243325,3.1690410320226343,21.222356112016843,1.9532297664971445,1.561631955932133,0.0,0.0,1.1936193122084433
242,0.1,0.6426865486558325,-0.22682294000017617,0.09988514447012906,0.0,0.0,-0.007657501645685233,20.647041773892376,0.39355610560828924,2.3183493018513333,21.286624766882426,1.930547472497127,1.5716204703791459,0.0,0.0,1.1928535620438747
243,0.1,0.6406434070487078,-0.2287815064993481,0.0998508603977728,0.0,0.0,-0.00872210469740341,21.06498918228438,2.220950853674333,1.5926247189692235,21.350689107587296,1.9076693218471923,1.581605556418923,0.0,0.0,1.1919813515741344
244,0.1,0.6386448267103217,-0.23071704175407123,0.09981210879202865,0.0,0.0,-0.009785146786784962,20.835329201839368,1.437368855808082,0.8068842863325277,21.41455359025833,1.8845976176717851,1.5915867672981259,0.0,0.0,1.191002836895456
245,0.1,0.6366913665085185,-0.23262935091561715,0.09976889138672336,0.0,0.0,-0.010846437665177603,22.432987534827088,2.2857793946757825,0.6512459131276943,21.47822272690918,1.8613346825802235,1.601563656436798,0.0,0.0,1.1899181931289382
246,0.1,0.6347835726940897,-0.2345182414734093,0.09972121011549277,0.0,0.0,-0.011905787397336703,22.189096533561095,2.209655647593057,0.44018165329007686,21.54170108417859,1.8378828584328826,1.6115357774483474,0.0,0.0,1.1887276143892045
247,0.1,0.6329219787480244,-0.23638352327440215,0.09966906711169526,0.0,0.0,-0.012963006395417287,20.99648546112108,2.055335714575105,1.7793308901598355,21.604993282053393,1.8142445061054424,1.621502684159517,0.0,0.0,1.1874313137496628
248,0.1,0.6311071052323314,-0.23822500854222456,0.09961246470831636,0.0,0.0,-0.014017905452903868,23.0584547660431,1.7479805996613262,2.252219222631755,21.668103992576626,1.7904220052512199,1.6314639306303487,0.0,0.0,1.1860295232043725
249,0.1,0.6293394596444724,-0.24004251189608222,0.09955140543786431,0.0,0.0,-0.015070295778472003,21.351575454010405,1.6453903286184242,1.603848401158468,21.73103793854107,1.7664177540616117,1.641419071174135,0.0,0.0,1.1845224936265253
250,0.1,0.6276195362754502,-0.24183585036942057,0.09948589203225675,0.0,0.0,-0.0161199890297756,21.708329553511312,1.8416300899208642,1.6661231210147847,21.793799892168618,1.7422341690246697,1.6513676603773606,0.0,0.0,1.1829104947235478
251,0.1,0.6259478160715876,-0.24360484342834324,0.09941592742269856,0.0,0.0,-0.017166797347153807,20.67495767392675,2.1592037302099434,0.8229460502174932,21.856394673775778,1.7178736846818354,1.6613092531196305,0.0,0.0,1.1811938149888324
252,0.1,0.6243247665000405,-0.24534931298978677,0.09934151473955061,0.0,0.0,-0.018210533387251582,22.447848050575242,2.0983617004921737,2.111022231541851,21.91882715042578,1.6933387533828568,1.6712434045935856,0.0,0.0,1.1793727616501073
253,0.1,0.6227508414180785,-0.24706908343944753,0.09926265731218982,0.0,0.0,-0.019251010356547804,21.524025305613367,1.8280646234737379,2.143340618640535,21.98110223456759,1.668631845038912,1.6811696703248045,0.0,0.0,1.1774476606144526
254,0.1,0.6212264809461712,-0.2487639816494614,0.09917935866886007,0.0,0.0,-0.020288042044785033,21.632589312094893,0.5740958206421836,2.85470578145956,22.04322488266221,1.6437554468739657,1.6910876061916904,0.0,0.0,1.1754188564099741
255,0.1,0.6197521113449167,-0.2504338369958316,0.09909162253651445,0.0,0.0,-0.021321442858294827,21.903881374309684,1.2375229215715566,0.9685186834698798,22.1052000937967,1.6187120631743825,1.7009967684453418,0.0,0.0,1.1732867121241446
256,0.1,0.6183281448958455,-0.2520784813756059,0.09899945284064843,0.0,0.0,-0.02235102785321278,21.270428431182104,-0.3144059874994578,0.9240833414348896,22.167032908286284,1.593504215036822,1.7108967137294067,0.0,0.0,1.1710516093388232
257,0.1,0.616954979786133,-0.25369774922379906,0.09890285370512422,0.0,0.0,-0.023376612768577214,21.436422821910252,0.9246009689343307,3.04192675160036,22.2287284062649,1.568134440114442,1.7207869990999192,0.0,0.0,1.1687139480619655
258,0.1,0.6156329999972533,-0.2552914775300602,0.09880182945198637,0.0,0.0,-0.02439801405930567,22.179031858550438,1.2390286417569303,1.7568400791823966,22.290291706264625,1.542605292361436,1.7306671820451178,0.0,0.0,1.166274146656035
259,0.1,0.6143625751976057,-0.25685950585508305,0.09869638460126827,0.0,0.0,-0.02541504892904329,21.78593037629186,2.402776217976367,2.5864826108562173,22.351727963784384,1.5169193417759277,1.7405368205052447,0.0,0.0,1.1637326417631306
260,0.1,0.6131440606391434,-0.258401676346757,0.09858652387078996,0.0,0.0,-0.026427535362877178,21.868870837531997,2.1708495294690695,2.2697515318003827,22.4130423698483,1.491079174141252,1.7503954728923237,0.0,0.0,1.161089888226843
261,0.1,0.6119777970580337,-0.2599178337560582,0.09847225217594707,0.0,0.0,-0.027435292159910946,24.318698101146094,2.3393558002418153,0.7811192060285366,22.474240149554102,1.465087390765646,1.7602426981099184,0.0,0.0,1.1583463590108518
262,0.1,0.6108641105793768,-0.261407825452678,0.09835357462949085,0.0,0.0,-0.028438138965693555,22.25017321859813,2.004747389543065,2.1731575618796564,22.53532656061204,1.4389466082203783,1.7700780555728675,0.0,0.0,1.1555025451142824
263,0.1,0.6098033126260111,-0.2628715014403886,0.09823049654129944,0.0,0.0,-0.029435896304496667,23.473103235858837,1.3181677696264253,1.9634151236879693,22.596306891874644,1.4126594580763394,1.7799011052269975,0.0,0.0,1.1525589554838327
264,0.1,0.6087956998314286,-0.2643087143721427,0.0981030234181403,0.0,0.0,-0.03042838561143473,23.688681235875805,1.808774017942311,1.7756280882286481,22.657186461857787,1.386228586639125,1.7897114075688116,0.0,0.0,1.1495161169226893
265,0.1,0.6078415539568274,-0.2657193195649068,0.0979711609634238,0.0,0.0,-0.03141542926442211,24.39569021440964,1.3131644516199643,1.9246626222724803,22.71797061725347,1.3596566546826343,1.799508523665154,0.0,0.0,1.146374573996247
266,0.1,0.6069411418123213,-0.2671031750142264,0.09783491507694808,0.0,0.0,-0.03239685061596138,22.189259367519583,1.5324099541227283,0.6143626241834419,22.778664731434702,1.3329463371812116,1.8092920151728489,0.0,0.0,1.1431348889346509
267,0.1,0.6060947151823318,-0.2684601414085217,0.09769429185463505,0.0,0.0,-0.03337247402475733,23.928266218551162,-0.23091427599133607,2.439510150904564,22.839274202952936,1.3061003230403594,1.8190614443583124,0.0,0.0,1.139797641532175
268,0.1,0.6053025107551806,-0.26979008214311145,0.09754929758825762,0.0,0.0,-0.03434212488715078,22.313337405209097,1.5348917249109402,2.8916145812250003,22.899804454028455,1.2791213148260483,1.8288163741171382,0.0,0.0,1.13636342904346
269,0.1,0.6045647500569038,-0.27109286333396543,0.09739993876515825,0.0,0.0,-0.03530562966836677,22.968939530478078,1.604793102457313,1.3921955297087782,22.960260929034146,1.2520120284926517,1.838556367993654,0.0,0.0,1.1328328660766234
270,0.1,0.6038816393893062,-0.27236835383118185,0.09724622206795867,0.0,0.0,-0.03626281593357141,22.805587150671172,2.0783424617678667,1.3352800741639634,23.020649092973077,1.2247751931095334,1.84828099020045,0.0,0.0,1.1292065844832662
271,0.1,0.6032533697722726,-0.2736164252321908,0.09708815437426088,0.0,0.0,-0.03721351237873191,23.695797545112658,1.3323994828766663,1.577035141172002,23.080974429950306,1.1974135505863144,1.857989805637876,0.0,0.0,1.125485233245393
272,0.1,0.6026801168903527,-0.2748369518946796,0.09692574275633946,0.0,0.0,-0.038157548861274204,23.81161368537004,0.5065975964290458,2.098769303245327,23.141242441639342,1.1699298553968465,1.86768237991351,0.0,0.0,1.1216694783592656
273,0.1,0.6021620410436336,-0.2760298109492419,0.09675899448082503,0.0,0.0,-0.03909475643053274,22.27472087834508,0.9632272419890877,0.9768337879673518,23.201458645743706,1.1423268743019224,1.8773582793615926,0.0,0.0,1.1177600027162122
274,0.1,0.6016992871029146,-0.2771948823117462,0.09658791700837933,0.0,0.0,-0.04002496735798695,23.386583495937767,1.740560078479501,2.5880929975301585,23.261628574453997,1.1146073860707477,1.8870170710624306,0.0,0.0,1.1137575059804135
275,0.1,0.6012919844691973,-0.27833204869542527,0.09641251799336122,0.0,0.0,-0.04094801516727896,23.62201400588706,1.2473042038669089,1.5746519136142278,23.321757772900916,1.0867741812012053,1.8966583228617666,0.0,0.0,1.1096627044636855
276,0.1,0.6009402470375003,-0.2794411956226825,0.0962328052834843,0.0,0.0,-0.04186373466400729,23.11156672898789,0.3891503038995009,3.3377132975090156,23.381851797604668,1.058830061638937,1.906281603390115,0.0,0.0,1.1054763309972848
277,0.1,0.6006441731650105,-0.28052221143661704,0.09604878691946578,0.0,0.0,-0.04277196196529104,23.370286679025128,0.9226701849501355,2.001684876006134,23.441916214921168,1.0307778404952752,1.9158864820820616,0.0,0.0,1.1011991348007557
278,0.1,0.6004038456435798,-0.28157498731226377,0.09586047113466672,0.0,0.0,-0.043672534529099416,22.916298473274768,2.1340689632950696,1.5977219053471554,23.501956599485524,1.002620341764049,1.9254725291955284,0.0,0.0,1.0968318813478457
279,0.1,0.6002193316765728,-0.2825994172675487,0.09566786635472366,0.0,0.0,-0.04456529118334123,22.863494346228435,2.2067497591500014,2.762556689068048,23.561978532653182,0.9743604000372941,1.9350393158310006,0.0,0.0,1.0923753522295117
280,0.1,0.6000906828600757,-0.2835953981739583,0.09547098119717157,0.0,0.0,-0.04545007215470931,24.078554105918975,0.6058464020526121,2.9475872183893266,23.62198760093919,0.9460008602198983,1.9445864139507179,0.0,0.0,1.0878303450140407
281,0.1,0.6000179351684675,-0.2845628297669208,0.0952698244710584,0.0,0.0,-0.04632671909727451,23.67858892825117,1.09464796945517,2.746564588165545,23.681989394456036,0.9175445772432061,1.9541133963978237,0.0,0.0,1.0831976731043134
282,0.1,0.6000011089443608,-0.2855016146559005,0.09506440517655085,0.0,0.0,-0.04719507512082431,23.850828108068683,0.5557804880819733,0.4421668323104806,23.74198950535047,0.8889944157776161,1.9636198369154787,0.0,0.0,1.0784781655922309
283,0.1,0.6000402088929132,-0.28641165833420157,0.09485473250453176,0.0,0.0,-0.04805498481894075,24.580069540779313,-0.7375901704041914,1.403230877073748,23.801993526239762,0.8603532499441959,1.973105310165932,0.0,0.0,1.0736726671103367
284,0.1,0.6001352240805119,-0.28729286918848185,0.09464081583618882,0.0,0.0,-0.04890629429681312,23.17979206278423,0.3875301141122531,1.6233176201626582,23.862007048647815,0.8316239630253477,1.9825693917495508,0.0,0.0,1.0687820376806554
285,0.1,0.6002861279378304,-0.2881451585079758,0.09442266474259485,0.0,0.0,-0.0497488511987798,24.16655670569455,0.48304286352115294,-0.06052096561019571,23.922035661441598,0.8028094471745502,1.9920116582238103,0.0,0.0,1.0638071525607775
286,0.1,0.6004928782672591,-0.28896844049342457,0.09420028898427961,0.0,0.0,-0.05058250473559486,23.86411709554143,-0.17589510525879726,1.5896307751543852,23.982084949268323,0.7739126031252077,2.0014316871222384,0.0,0.0,1.058748902087218
287,0.1,0.600755417254704,-0.28976263226571397,0.09397369851079307,0.0,0.0,-0.05140710571141418,23.021571187514887,0.5253650392797337,1.6848141984847558,24.042160490993794,0.7449363398986363,2.010829056973318,0.0,0.0,1.0536081915160767
288,0.1,0.6010736714857545,-0.29052765387421703,0.09374290346026026,0.0,0.0,-0.05222250655049652,24.52693229202282,0.8974434990036491,2.5630968132215974,24.10226785814237,0.7158835745112145,2.020203347319344,0.0,0.0,1.048385940861027
289,0.1,0.6014475519662119,-0.2912634283048432,0.09350791415892765,0.0,0.0,-0.05302856132361454,23.016608759605425,1.5289258540881052,1.5527655600950514,24.16241261333899,0.6867572316807302,2.0295541387352367,0.0,0.0,1.0430830847286656
290,0.1,0.601876954146975,-0.29196988148779096,0.0932687411207011,0.0,0.0,-0.05382512577417127,24.407053716738265,1.012485859611646,2.4589693023117163,24.222600308753687,0.6575602435319511,2.0388810128473067,0.0,0.0,1.0377005721512484
291,0.1,0.6023617579532752,-0.2926469423050045,0.09302539504667554,0.0,0.0,-0.05461205734401716,24.087497371372944,-0.44857670574434505,2.5280339629667603,24.282836484549016,0.6282955493014506,2.0481835523519742,0.0,0.0,1.0322393664168468
292,0.1,0.6029018278182541,-0.29329454259733306,0.0927778868246561,0.0,0.0,-0.05538921519896312,25.145051442133486,1.3515921976870797,2.78994549921481,24.343126667330843,0.5989660950417173,2.05746134103444,0.0,0.0,1.0267004448969506
293,0.1,0.6034970127208719,-0.29391261717139255,0.09252622752867098,0.0,0.0,-0.05615646025398517,25.47232548387763,1.1617737421998906,1.736532359681883,24.40347636860293,0.569574833324578,2.066713963787307,0.0,0.0,1.0210847988715521
294,0.1,0.6041471462281374,-0.2945011038061283,0.09227042841847605,0.0,0.0,-0.05691365519811588,24.93093116270581,-0.27339233382194394,1.9885072234785897,24.463891083225743,0.5401247229439652,2.0759410066291544,0.0,0.0,1.0153934333517405
295,0.1,0.6048520465416487,-0.29505994325907914,0.09201050093905092,0.0,0.0,-0.05766066451901847,24.552909422279534,1.2330890556252796,1.8236761815847444,24.524376287879907,0.5106187286180572,2.0851420567230594,0.0,0.0,1.0096273668998386
296,0.1,0.6056115165484298,-0.29558907927234096,0.09174645672008701,0.0,0.0,-0.0583973545272389,24.380793019159317,0.055673147435665926,2.3785130552231224,24.584937439534748,0.48105982069082315,2.094316702395068,0.0,0.0,1.0037876314471146
297,0.1,0.6064253438760495,-0.29608845857823024,0.09147830757546714,0.0,0.0,-0.05912359338013179,23.393355592891456,-1.173366416374591,3.208446794163555,24.645579973922352,0.4514509748330001,2.1034645331526147,0.0,0.0,0.9978752721091014
298,0.1,0.6072933009520078,-0.29655803090464666,0.09120606550273697,0.0,0.0,-0.0598392511054558,25.499119582575464,0.8186679284775956,2.3072243476879306,24.70630930401755,0.42179517174253545,2.1125851397028885,0.0,0.0,0.9918913469985559
299,0.1,0.6082151450673723,-0.2969977489801336,0.09092974268256818,0.0,0.0,-0.06054419962463426,24.28929755379628,-0.7172538218178149,2.3555519021054834,24.76713081852429,0.3920953968445221,2.121678113971145,0.0,0.0,0.9858369270360924
